[{"@type":"mappingTemplate","id":"@1","name":"Mapping_RESTV2","description":"","bundleVersion":"0","templateId":"@3","hasParameters":false,"valid":true,"fixedConnection":true,"hasParametersDeployed":false,"fixedConnectionDeployed":false,"isSchemaValidationEnabled":false,"tasks":0,"mappingPreviewFileRecordId":"@2","documentType":"MAPPING","references":[{"@type":"reference","refObjectId":"@8w9Eu6AdfYvhSlzkW1RKwu","refType":"connection"},{"@type":"reference","refObjectId":"@7zbYKb3bhuSldoB3Xvd6gs","refType":"connection"}]}]